[{"@type":"mappingTemplate","id":"@1","name":"Mapping_RESTV2","description":"","autoExpireObject":false,"bundleVersion":"0","assetFrsGuid":"dWGhppe2pobjfe9yWwCOwo","templateId":"@3","hasParameters":false,"valid":true,"fixedConnection":true,"hasParametersDeployed":false,"fixedConnectionDeployed":false,"isSchemaValidationEnabled":false,"tasks":0,"mappingPreviewFileRecordId":"@2","documentType":"MAPPING","allowMaxFieldLength":false,"references":[{"@type":"reference","refObjectId":"@8FqylytMFiUcfJ7gWVk78H","refType":"connection"},{"@type":"reference","refObjectId":"@adZJzlWRjc9da5uolpuYCQ","refType":"connection"}]}]